sta_code,name,lat,lon,f1_log_scale,f2a_weekend_ratio,f2b_friday_ratio,f4a_month_amplitude,f4b_vacation_effect,f5_growth,f6_fri_minus_sun,f4a_log,f5_log,mean_total,weekday_mean,friday_mean,weekend_mean,cluster,cluster_name,h_cluster
0900,基隆,25.13191,121.73837,4.278965521402538,1.1303444924761756,1.1806939707307496,1.0835670208742398,0.9908077723230364,1.1650677980294375,-0.0028894446098106,0.034855778503716975,0.06635119871254014,19009.27359490986,17884.146296296298,21115.703703703704,20215.24626865672,1,城際樞紐,2
0910,三坑,25.12305,121.74202,3.48556893805635,0.8684873563519937,1.054292329211831,1.084704685259701,0.9893044855691632,1.1066134409631692,-0.0094266932587175,0.03531151604694608,0.04399594086519802,3058.9257688229054,3152.2425925925927,3323.385185185185,2737.6828358208954,4,通勤型,2
0920,八堵,25.10838,121.72904,3.664881552660901,0.7925486930626903,1.0773096095671142,1.13499552600987,0.9532013364565002,1.04238650097331,-0.0280445247246319,0.05499414960574498,0.01802877857678197,4622.5493107104985,4855.057407407408,5230.4,3847.8694029850735,4,通勤型,2
0930,七堵,25.09294,121.71415,4.105914626319534,0.8080684977364683,1.0829775562088035,1.0928004116884809,0.9500874784009502,1.1110006816219076,-0.0040773040987202,0.03854084994836677,0.045714325389600644,12761.879109225874,13330.668518518518,14436.814814814816,10772.09328358209,4,通勤型,2
0940,百福,25.07795,121.69379,3.7225904825396112,0.7360659779211439,1.0461518754713677,1.1057037454395102,0.9542735433404986,1.0983322075875268,-0.0195809850390643,0.04363878071580162,0.04073371907642782,5279.471898197243,5667.118518518519,5928.666666666667,4171.373134328358,4,通勤型,2
0950,五堵,25.07799,121.66758,3.650478828782692,0.7145045698587046,1.028068386547415,1.1017005552555674,0.9582350465418332,1.132042735573808,-0.0713761265927342,0.04206356831603393,0.053862822146914166,4471.763520678685,4845.440740740741,4981.444444444444,3462.089552238806,4,通勤型,2
0960,汐止,25.06789,121.66115,4.345623787826355,0.8020705410193364,1.0459678441394595,1.108601954834756,0.9582514471206934,1.1144442887418553,-0.0173942898554502,0.04477564006304456,0.04705836290442125,22162.757158006363,23321.13333333333,24393.15555555556,18705.194029850747,4,通勤型,2
0970,汐科,25.06405,121.65237,4.378173023269514,0.4473391653697095,0.9887677032677854,1.123277134616003,0.9776980848392128,1.1358607498165894,-0.0439843979266665,0.05048691849289435,0.055325092560658234,23887.62778366914,28392.827777777777,28073.911111111112,12701.223880597016,4,通勤型,2
0980,南港,25.05348,121.60706,4.514564779837386,0.80042312410515,1.1127652648931297,1.133281131497731,0.9603131688097782,1.276291818240096,0.0215048424956643,0.05433765806558019,0.1059499851700929,32701.28207847296,34084.29074074074,37927.81481481482,27281.85447761194,4,通勤型,2
0990,松山,25.04921,121.57799,4.565355556974141,0.73241704444723,1.0688875948434768,1.0955583810285914,0.9853278802090916,1.1258831678558057,-0.0439244330978982,0.03963552555988765,0.05149332640516192,36758.311770943794,39363.58888888889,42075.251851851855,28830.56343283582,4,通勤型,2
1000,臺北,25.04771,121.51784,5.098728531316884,1.0753951511281936,1.1826662187653427,1.0865264378027866,1.0024924821736494,1.0742892727425857,-0.0650647787149369,0.03604029821491694,0.03112123912916291,125524.5090137858,119823.57037037038,141711.2888888889,128857.6865671642,1,城際樞紐,2
1010,萬華,25.03357,121.50021,4.0079614855161925,0.8929766393225147,1.0504971354017736,1.1428093281202842,0.9704730320577756,1.1748844131258214,-0.0219187839162035,0.05797377663075464,0.06999514217297324,10185.01060445387,10426.774074074074,10953.296296296296,9310.865671641792,4,通勤型,2
1020,板橋,25.01401,121.46406,4.700344958125231,1.1272993888788791,1.1840459506247325,1.179290263925566,0.968154142183136,1.0870588542142123,-0.0411242020420254,0.07162071307307115,0.03625305776480041,50158.54825026512,47206.87037037037,55895.1037037037,53216.27611940299,1,城際樞紐,2
1030,浮洲,25.00419,121.44477,3.8410910898836903,0.7981805282693003,1.04676930065052,1.327983047282902,0.8230675166419354,1.19351010855629,-0.0468243906256162,0.1231925309668763,0.07682610166001304,6935.712619300106,7305.837037037037,7647.525925925926,5831.376865671642,4,通勤型,2
1040,樹林,24.99121,121.42481,4.470251079276452,0.9845191638204804,1.1176595333461845,1.091711982663274,0.976582093022631,1.091316085051905,-0.0252322879290693,0.03810807716124147,0.03795055637399746,29529.15906680806,29166.2,32597.881481481483,28714.68283582089,4,通勤型,2
1050,南樹林,24.98044,121.40884,3.457976723467017,0.8505064646613897,1.0601851563308284,1.137618349641485,0.951578420432986,1.1588383936638869,-0.0085277004484788,0.055996588557782126,0.06402287545142213,2870.626723223754,2971.262962962963,3150.088888888889,2527.0783582089557,4,通勤型,2
1060,山佳,24.97273,121.39254,3.5420179962924294,0.9275836197851078,1.0667074640880172,1.129121390568201,0.9647204308759872,1.1010892972171846,-0.0001427900109806,0.05274063494527735,0.04182254123884409,3483.5174973488865,3522.3722222222223,3757.340740740741,3267.294776119403,4,通勤型,2
1070,鶯歌,24.95432,121.35535,4.247026242726193,0.9460215379009452,1.0955126008232297,1.1007945433085626,0.9561963040645116,1.0206541023933784,-0.0051363292578989,0.04170626807816,0.008878585501354952,17661.445387062566,17690.937037037038,19380.64444444445,16736.007462686568,4,通勤型,2
1080,桃園,24.98942,121.31384,4.746862958851693,1.1007869936947712,1.1632374277981434,1.1196560669140971,0.9797759851057004,1.039279384776329,0.0197292670334194,0.049084637687788736,0.016732312673847675,55829.39978791092,53069.13148148148,61732.0,58417.80970149254,1,城際樞紐,2
1090,內壢,24.97281,121.25826,4.296808493982891,0.887898798449572,1.113891087687261,1.1998006381972424,0.9142233317480616,1.09997816864445,-0.052713166133393,0.07910908861116032,0.041384065766102665,19806.53446447508,20119.48148148148,22410.911111111112,17864.06343283582,4,通勤型,2
1100,中壢,24.95369,121.22556,4.691123577008801,1.263811543150789,1.2067392934724015,1.1699380864760498,0.9541780280523692,1.0182724371806675,-0.0282998370391434,0.06816287934165408,0.00786398834938953,49104.75821845175,44455.91851851852,53646.7037037037,56183.90298507463,1,城際樞紐,2
1110,埔心,24.91945,121.18366,4.075838323195379,0.9195326342771382,1.1039038093959856,1.2106678832079951,0.9041167198807926,1.0503636008062218,-0.0096274928388403,0.08302502153102645,0.021339663345223095,11907.986214209968,12003.944444444443,13251.2,11038.018656716418,4,通勤型,2
1120,楊梅,24.91402,121.14641,4.017585819564446,0.9749012159813264,1.1374159518185882,1.1724592179631173,0.9323067856716823,1.1140524664694424,-0.0614954750557582,0.06909774544118795,0.046905644483673035,10413.23860021209,10284.27962962963,11697.503703703704,10026.15671641791,4,通勤型,2
1130,富岡,24.93445,121.08308,3.57880237528019,1.1962500318270453,1.1273529973372391,1.2820399858568894,0.9356788708376914,1.0800980984356112,0.0405830031443051,0.10790157071024627,0.033463201481860244,3791.424178154825,3530.17037037037,3979.748148148148,4222.966417910448,4,通勤型,2
1140,新富,24.93109,121.06751,2.9014184479910647,0.742761186725665,1.063621632790665,1.2493603883213669,0.9166360579744276,1.7939131274597386,0.0215051136445301,0.09668773227579136,0.25380140795089967,796.9268292682926,851.4166666666666,905.5851851851852,632.3992537313433,4,通勤型,3
1150,北湖,24.92201,121.05592,3.3124483922476595,0.8331977870164747,1.0457543252595154,1.2348247121548936,0.8896228635376758,1.2913017520834054,-0.0216676294380916,0.09160531229460096,0.11102774029252552,2053.2810180275715,2140.740740740741,2238.688888888889,1783.660447761194,4,通勤型,2
1160,湖口,24.90288,121.04411,3.8757614647846914,1.0350826729580669,1.1599115459972271,1.1645335050700365,0.9430652921022468,1.1311174000402258,-0.0104847420033263,0.06615198824013233,0.05350768321333738,7512.101802757158,7273.083333333333,8436.133333333333,7528.242537313433,4,通勤型,2
1170,新豐,24.86939,120.99626,4.086426793369367,1.179970068323135,1.15562848203199,1.2621484477918847,0.9350256158504032,1.156565004105225,-0.0944772403863323,0.10111043752728316,0.06317004707709521,12201.881230116647,11367.21851851852,13136.28148148148,13412.977611940298,1,城際樞紐,2
1180,竹北,24.83892,121.00936,4.089931545202358,0.8429901193407606,1.1171044383759563,1.1971263627696709,0.9130518390087262,1.189049715016446,-0.0262995720684347,0.0781399948150354,0.07520001316027047,12300.748674443266,12653.235185185184,14134.985185185184,10666.55223880597,4,通勤型,2
1190,北新竹,24.80875,120.98381,3.771407121528192,0.7118644382919107,1.1027325699210573,1.2755221853990315,0.8757564141959151,1.2666670472743258,-0.0908249509977157,0.10568801677770696,0.10266247239381715,5907.546129374337,6333.001851851852,6983.607407407408,4508.238805970149,4,通勤型,2
1191,千甲,24.80657,121.0034,2.8496916170917643,0.96128632970604,1.118023281838744,1.1418482085732566,0.9563484282094706,1.3399258466174953,-0.124366500445744,0.05760837487259773,0.12708076456186854,707.4432661717922,703.2981481481481,786.3037037037037,676.070895522388,4,通勤型,3
1192,新莊,24.78811,121.02196,3.64565883364376,0.9882133899171684,1.307410331898783,1.1141214414856129,0.964619270188094,1.1593392429365337,-0.3940383039205867,0.04693253239292879,0.06421053672062428,4422.408271474019,4249.622222222222,5556.0,4199.5335820895525,1,城際樞紐,5
1193,竹中,24.78145,121.03141,3.2615968566902787,1.1813623290691515,1.3543103978183972,1.1183893391898303,0.9715149420406984,1.3313717790277313,-0.4244883073287486,0.04859301860091219,0.1242993470107051,1826.4040296924709,1656.9537037037037,2244.0296296296297,1957.462686567164,1,城際樞紐,5
1194,六家,24.80766,121.03941,3.912956841887313,1.0854100137486284,1.3384534944857127,1.1133458105384393,0.9837701625174112,1.259980844359399,0.3183137341266843,0.046630079233485555,0.10036394253641301,8183.834570519618,7629.003703703704,10211.066666666668,8280.597014925374,1,城際樞紐,5
1201,上員,24.77776,121.05582,2.200257784763985,1.03075321260147,1.1467189615975837,1.394483362521891,0.9223494256129032,1.3552337272090555,0.0252321057027197,0.14441333709755869,0.1320142012500004,158.58342189160467,153.99814471243042,176.59259259259258,158.73408239700373,4,通勤型,3
1202,榮華,24.74839,121.08319,2.6483144715023617,1.000767775331046,1.1127589284581252,1.3199511446833878,0.9837441348217996,1.7206046924442386,0.0996929734490615,0.1205578569732176,0.23568110297702535,444.9533404029693,437.7907407407407,487.1555555555556,438.1268656716418,4,通勤型,3
1203,竹東,24.73823,121.09472,3.1013752422386918,1.304962088269512,1.1599132603305846,1.192361443746302,0.9671600338690128,1.3476068710661702,0.046194386068968,0.07640792422158711,0.12956321665942028,1262.9182590233545,1138.0927643784787,1320.088888888889,1485.1679104477612,4,通勤型,3
1204,橫山,24.72041,121.11772,2.448155169042911,1.620887917163318,1.2116963281060833,1.3783855328514916,0.93469380909281,1.9666788849906616,-0.0030536842784187,0.13937070623064365,0.29373345505851856,280.6436170212766,232.4320297951583,281.63703703703703,376.7462686567165,1,城際樞紐,3
1205,九讚頭,24.72062,121.13622,2.0090166917397934,1.243554722374967,1.1088848219392913,1.175911898380142,0.9878781702218205,1.2170576904859642,0.0852570540386074,0.07037478476677869,0.08531116497278289,102.09787234042552,94.11524163568774,104.36296296296295,117.0374531835206,4,通勤型,3
1206,合興,24.71667,121.15437,2.078493918346135,2.75091422325202,1.144589277124585,2.479865008044579,1.2745039191565204,0.7944288269869665,-0.0366490050104764,0.3944280405613058,-0.0999450052299153,119.81023454157784,78.86380597014926,90.26666666666668,216.9475655430712,2,週末觀光型,1
1207,富貴,24.71551,121.16743,2.0724592569449563,1.321837121887122,1.1441618879960955,2.796443791799013,1.1080319078735348,4.294753704445334,0.0420548030483792,0.44660609448248517,0.6329382629594942,118.15694591728526,106.2462962962963,121.56296296296296,140.4402985074627,0,春季活動型,3
1208,內灣,24.70535,121.18255,2.9647915500797284,3.036204932559991,1.3477361973444684,1.7402644983164095,1.1397085215212526,1.0107560211122764,0.0721705669268306,0.2406152605983683,0.004646337122256916,922.1287234042552,566.3104089219331,763.237037037037,1719.434456928839,2,週末觀光型,1
1210,新竹,24.80157,120.97157,4.621346683259062,1.3294263688821748,1.2859823760365063,1.143231430227592,0.9771377198188996,1.0976953476614697,-0.0605815428938805,0.05813415576434393,0.04048182354922945,41816.40402969247,36856.80370370371,47397.2,48998.40671641791,1,城際樞紐,5
1220,三姓橋,24.78731,120.92844,3.445719736974981,0.8090503891036591,1.1040253140673089,1.5387186643818045,0.7774208975119447,1.2634460876515097,-0.1186061795064427,0.1871592217316462,0.10155671492629913,2790.742311770944,2905.133333333333,3207.340740740741,2350.3992537313434,4,通勤型,2
1230,香山,24.76311,120.91388,3.1191228846273704,0.9625336463771468,1.1156647523249623,1.2330418108689554,0.9113548286308908,1.1583691710736597,0.0628941221700807,0.09097780321520144,0.06384699066008416,1315.5970307529162,1307.8666666666666,1459.1407407407407,1258.865671641791,4,通勤型,2
1240,崎頂,24.72291,120.87183,2.819057298955846,0.9946474664125212,1.0814206549404275,1.1621554955112,0.9155693391169748,1.2722923191959967,0.0204993252160801,0.06526424020963546,0.10458690535993949,659.2608695652174,652.6462962962963,705.7851851851852,649.1529850746268,4,通勤型,3
1250,竹南,24.68662,120.8806,4.269241360271221,1.0874343051969533,1.2173701911798276,1.1801419262549548,0.922462493832585,1.153084128836961,0.0310072314275622,0.07193423957974648,0.061860994507858744,18588.37221633086,17603.166666666668,21429.57037037037,19142.28731343284,1,城際樞紐,5
2110,談文,24.65641,120.85825,2.056638137803207,1.360857979423682,1.0965178101580504,1.288727280728777,0.9242393633745198,1.7484281641738586,0.0917598718601404,0.11016102208121642,0.24264779361192923,113.93001060445388,102.0537037037037,111.9037037037037,138.88059701492537,4,通勤型,3
2120,大山,24.64565,120.80376,2.2167716080811872,0.9776911287209072,1.080833079070188,1.307666009204471,0.8748842613373771,1.008119398962334,0.1279444526469442,0.11649683505738143,0.0035119718313542706,164.72958642629905,163.87222222222223,177.11851851851853,160.21641791044777,4,通勤型,3
2130,後龍,24.61621,120.78731,3.3594783624481,0.9661501958805652,1.312203760699799,1.8791578342255597,0.68334887109381,1.0592583854350988,-0.2953564928607463,0.27396325889480727,0.02500191070349888,2288.117709437964,2210.5814814814817,2900.733333333333,2135.753731343284,1,城際樞紐,5
2140,龍港,24.61169,120.75812,1.929039084199066,1.0619846522570855,0.8576647097195043,5.17224297772243,0.6127861035000618,1.3086089095381253,0.022817542766259,0.7136789186456007,0.11680987282469449,84.92569002123142,85.16666666666667,73.04444444444445,90.44569288389512,0,春季活動型,4
2150,白沙屯,24.56481,120.70824,3.430426481369995,1.8201968193971148,0.9432741216123482,6.514235333656318,0.5834828629164197,1.673461541464024,0.0536241688310842,0.8138634438607559,0.22361573610109997,2694.1792152704134,2199.3685185185186,2074.607407407407,4003.283582089552,0,春季活動型,4
2160,新埔,24.54018,120.69518,2.2903702093376,1.6810687429698374,0.892827607787041,4.42595613048369,0.5702462690295143,1.363983381487652,0.1057521918134695,0.6460071049407017,0.13480907899188443,195.1507430997877,165.7074074074074,147.94814814814814,278.5655430711611,0,春季活動型,4
2170,通霄,24.49141,120.67843,3.2925358331607906,1.5098806859138985,1.1685648750140738,1.8719160016155272,0.8544902346976597,1.2285668170272772,0.1987357822769608,0.27228635676675716,0.08939878106610653,1961.2629904559917,1677.6703703703704,1960.4666666666667,2533.082089552239,1,城際樞紐,5
2180,苑裡,24.44344,120.65146,3.5151512534701603,1.1893072769597466,1.2093629889683146,1.5395779250993449,0.8143734759411393,1.1127796254786633,0.1649460259155962,0.18740167543094943,0.04640916530966039,3274.5471898197243,3021.4314814814816,3654.0074074074073,3593.410447761194,1,城際樞紐,5
2190,日南,24.37815,120.65412,2.851752991258446,1.3961632468535037,1.1950663651733635,2.016876008334477,0.8604091136712725,1.144275661639062,0.0914355616818318,0.30467919987298286,0.058530660739515496,710.8091198303288,623.2351851851852,744.8074074074074,870.1380597014926,1,城際樞紐,5
2200,大甲,24.34448,120.62702,3.820886859539867,1.5558947150008575,1.416424454742188,3.089967637540453,0.8293035006398963,1.1570499194715371,0.1767150914844381,0.48995393090988226,0.0633520964481614,6620.440084835631,5437.285185185186,7701.503703703704,8459.84328358209,1,城際樞紐,5
2210,臺中港,24.30441,120.60231,2.478670526652755,1.95122371718736,1.6322225849383525,8.561401855610322,0.5333460602994241,1.28509430812886,0.1636912599986363,0.9325448824702501,0.10893500003857329,301.07211028632025,221.23888888888888,361.1111111111111,431.6865671641791,0,春季活動型,4
2220,清水,24.26364,120.56918,3.4768565138512937,1.4613241153183611,1.445351061568618,1.7931651646901507,0.8759752003215395,1.2232777322311288,0.2144875209415521,0.253620293360276,0.08752507018585139,2998.1717921527043,2509.214814814815,3626.696296296296,3666.776119402985,1,城際樞紐,5
2230,沙鹿,24.23702,120.55752,3.769518599732984,1.5776364623922885,1.4982682541263166,1.5195960821907368,0.882637290169042,1.1468231390909154,-0.0432864604603564,0.18172816518990995,0.059496446986445975,5881.913043478261,4760.77037037037,7132.911111111112,7510.764925373134,1,城際樞紐,5
2240,龍井,24.19748,120.54335,3.0530323864833337,1.6010901028087294,1.3347822005069705,2.0692480731207747,0.8372346480607582,1.3381518042093956,0.0949501774231595,0.3158125594570136,0.1265053839779947,1129.880169671262,927.075925925926,1237.4444444444443,1484.3320895522388,1,城際樞紐,5
2250,大肚,24.15417,120.54249,3.202924373999344,1.238822424031292,1.1671152335335413,1.8392696535642905,0.8630135696054279,1.2134164592618712,0.0987264111016375,0.2646454054044473,0.0840098815904972,1595.6012725344644,1461.4444444444443,1705.674074074074,1810.4701492537315,4,通勤型,5
2260,追分,24.12051,120.57018,3.017885839860673,1.4630822712408964,1.1649260824845975,4.1916910721085605,0.7409124064487103,1.1695231646002,0.077373586867139,0.6223892676248959,0.06800882824727579,1042.0434782608695,902.0314814814816,1050.8,1319.7462686567164,0,春季活動型,5
3140,造橋,24.64186,120.86721,2.8895001374542706,1.0274815049538848,1.115401740934468,1.2447238465518051,0.9121888654569592,1.3106916665922268,0.0737881771741197,0.09507300988820001,0.11750053818370053,775.3541887592789,756.937037037037,844.2888888888889,777.7388059701492,4,通勤型,3
3150,豐富,24.60429,120.82637,3.339062807286377,1.346820506251965,1.4089438084459591,1.192850242577243,0.937856296895989,1.2455208298508007,0.0981139297811141,0.07658592321364915,0.09535099499064413,2183.045599151644,1886.6351851851853,2658.162962962963,2540.958955223881,1,城際樞紐,5
3160,苗栗,24.57001,120.82233,4.0560678318394565,0.9986794410168596,1.2472989092540985,1.2388156941997817,0.8984238378481337,1.099058598328723,0.019609275207656,0.09300669867150127,0.04102084824912559,11378.049840933192,10992.987037037035,13711.54074074074,10978.470149253732,1,城際樞紐,5
3170,南勢,24.52246,120.79154,2.4891304971347887,0.8638714741540388,1.2020096917085352,1.240874766503716,0.8725925734335648,1.3108606462914305,-0.1783959773863932,0.09372795316607924,0.11755652558525558,308.41145281018026,311.4537037037037,374.3703703703704,269.0559701492537,4,通勤型,3
3180,銅鑼,24.48713,120.78591,3.2793182504370884,1.4120405662467432,1.2046716019184545,1.539747444377631,0.9329119953132132,1.0459236302730166,0.1298878380046797,0.1874494919351357,0.01949997500749643,1902.4718981972428,1659.5148148148148,1999.1703703703704,2343.3022388059703,1,城際樞紐,5
3190,三義,24.42066,120.77393,3.188348912704593,1.2376831319572263,1.1962606499020978,1.2236284715244563,0.9332407416643772,1.104595607720698,0.1376306322131483,0.08764957364290113,0.04320331197614612,1542.9395546129374,1408.2462962962964,1684.6296296296296,1742.9626865671642,1,城際樞紐,2
3210,泰安,24.33146,120.74181,3.058339059592036,1.4903538438727,1.172654128210396,2.574755549067235,1.230652438944538,1.072778839976945,0.1650688504019244,0.4107360028021799,0.03051019868780042,1143.7709437963945,982.5574074074074,1152.2,1464.358208955224,2,週末觀光型,5
3220,后里,24.30933,120.73288,3.69517515697309,1.0365642691936672,1.1373388443746586,1.1562580216705798,0.9808952259976822,1.150296444637361,-0.0865047983986474,0.06305475872454537,0.06080977746607258,4956.500530222694,4811.888888888889,5472.748148148148,4987.832089552238,4,通勤型,2
3230,豐原,24.25438,120.72374,4.217837917604229,1.44990390248455,1.3615448040996736,1.2109663113975886,0.9773083530789676,1.10882019376738,0.1300030908727856,0.08313206141089734,0.04486112668501307,16513.453870625664,13998.946296296295,19060.192592592597,20297.12686567164,1,城際樞紐,5
3240,栗林,24.23461,120.7106,3.3117475706315456,1.0309070819660966,1.142745572759045,1.314595942944942,0.901080102670764,1.194688340145146,0.0158577153988287,0.1187922876436162,0.077254625109761,2049.9703075291623,1991.772222222222,2276.088888888889,2053.332089552239,4,通勤型,2
3250,潭子,24.21214,120.70564,3.71506591949076,1.367175753853992,1.2243603679608028,1.1854373247623606,0.9525815827367984,1.1729902207132363,0.0477458814484337,0.07387859734465217,0.06929439139261152,5188.787910922588,4565.703703703704,5590.066666666667,6242.119402985075,1,城際樞紐,5
3260,頭家厝,24.19572,120.70398,3.187618202011673,1.0614055884501572,1.167473603948421,1.1480534285307151,0.9520670283072742,1.328325061183413,0.0931887850526668,0.05996209988784834,0.12330436645017248,1540.3457051961825,1479.0722222222223,1726.7777777777778,1569.8955223880596,4,通勤型,2
3270,松竹,24.18035,120.70193,3.778619296180187,1.0949862260756646,1.1983885447541314,1.2981935454161402,0.9292441014381528,1.3287281244755915,0.0436814036735613,0.11333944549983306,0.12343612758008768,6006.469777306469,5691.198148148148,6820.266666666666,6231.7835820895525,1,城際樞紐,2
3280,太原,24.16449,120.69988,3.6786700332934754,1.450258338163151,1.232590661689383,1.165261401723725,0.9572091166649483,1.1293938340154563,0.0212073934798314,0.06642336106308488,0.05284541235395694,4771.665959703076,4109.038888888889,5064.762962962963,5959.167910447762,1,城際樞紐,5
3290,精武,24.14887,120.69784,3.493742860100737,1.2448315096413731,1.2850634554769351,1.1909360553360602,0.9317760128727444,1.2098016983099664,-0.0227507417678444,0.0758884436320395,0.08271418983088664,3117.043478260869,2807.159259259259,3607.3777777777777,3494.4402985074626,1,城際樞紐,5
3300,臺中,24.13728,120.68691,4.711242483522614,1.7704517907197743,1.43457535986833,1.1922693558365505,1.0015810515479708,1.0509880985747924,-0.0060519139818277,0.07637438169493524,0.021597798090506968,51433.074231177095,40145.21296296296,57591.333333333336,71075.16417910448,1,城際樞紐,5
3310,五權,24.12877,120.66654,3.607820576630054,1.0902760940139746,1.216997022716092,1.1436296757734865,0.9414165808401584,1.2143194563887645,-0.0716068902779782,0.05828541623601753,0.08433295353991403,4053.410392364793,3835.835185185185,4668.2,4182.119402985075,1,城際樞紐,2
3320,大慶,24.11911,120.64795,3.8142997924698823,0.957153468983423,1.2074851231198551,1.213894441776577,0.9083585479381836,1.1361380811482462,-0.1184626874496629,0.08418092286187061,0.05543111679443348,6520.783669141039,6408.464814814814,7738.125925925926,6133.884328358209,1,城際樞紐,5
3330,烏日,24.10867,120.62244,3.1381412259923818,1.5962422949474329,1.231870555237791,1.2260336865468604,0.9672349628805684,1.0733147032891492,0.0288452368206343,0.08850240303755808,0.030727078781505036,1374.488865323436,1142.887037037037,1407.888888888889,1824.324626865672,1,城際樞紐,5
3340,新烏日,24.10937,120.61421,4.242287237098225,1.5984300064068555,1.517779304760008,1.2007773050817487,0.9461060862686286,1.2222895218422312,-0.1701896324666446,0.07946247106490589,0.08717408875894378,17469.772004241782,14040.981481481482,21311.11111111111,22443.526119402984,1,城際樞紐,5
3350,成功,24.11424,120.59021,3.272685038472096,1.3067448514545066,1.22493035441251,2.074219982938793,0.8619114702605885,1.1795234638154752,-0.1550933222291114,0.31685481391903364,0.07170658456390308,1873.6352067868504,1673.8185185185184,2050.311111111111,2187.253731343284,1,城際樞紐,5
3360,彰化,24.08177,120.53854,4.438362673681284,1.4277040960757816,1.359468114608917,1.3077920415059998,0.944543749066381,1.077393762707791,0.0847667036829072,0.11653869016044686,0.032374456981767025,27438.64581124072,23391.56111111111,31800.08148148148,33396.227611940296,1,城際樞紐,5
3370,花壇,24.02502,120.53742,3.4081318315800933,1.3898765908632893,1.3080734898661466,1.267182103771518,0.9311692830781332,1.1463352518718484,0.1865498575722425,0.10283903081094907,0.05931164795026597,2559.362672322376,2216.0777777777776,2898.7925925925924,3080.074626865672,1,城際樞紐,5
3380,大村,23.99003,120.56068,3.244181327254028,1.3069892913288632,1.2652220228417923,1.3372357839808429,0.9003868873827917,1.1215489223102997,0.0999294738790924,0.12620798965062785,0.04981822239157219,1754.6129374337222,1559.3574074074074,1972.9333333333332,2038.063432835821,1,城際樞紐,5
3390,員林,23.95947,120.56977,4.18805098138334,1.186495015108763,1.30507196945699,1.2679486689329904,0.9334495838980372,1.087329017444613,0.2132497903882277,0.10310167211795976,0.03636097816144101,15418.814422057265,14059.59074074074,18348.777777777777,16681.63432835821,1,城際樞紐,5
3400,永靖,23.92817,120.57167,3.067357270655696,1.103894366373941,1.223463978681965,1.2747931188892063,0.8993673028967752,1.1697715740190655,0.2829587934926819,0.10543971056219667,0.0681010636022232,1167.7698833510074,1100.0944444444444,1345.925925925926,1214.3880597014925,1,城際樞紐,2
3410,社頭,23.89573,120.58077,3.356149598507352,1.0822123202549836,1.1787067169005554,1.307476286901844,0.9176217719759722,1.1307031003508357,0.214958650951011,0.11643382101077132,0.05334858299213279,2270.646871686108,2164.688888888889,2551.5333333333333,2342.652985074627,4,通勤型,2
3420,田中,23.85826,120.59123,3.689209109884131,1.1921330759186857,1.2633303639734588,1.2372929180758163,0.936253708372648,1.0662836264159694,0.2807517229848816,0.09247252715098897,0.02787274034123143,4888.876988335101,4475.753703703704,5654.355555555556,5335.694029850746,1,城際樞紐,5
3430,二水,23.81321,120.61805,3.337840446870796,1.187111768941964,1.169854452894489,1.42254299298528,0.9660914864791944,1.0954557075757687,0.189610852969885,0.15306540078528957,0.039594822476997034,2176.9098621421,2020.3462962962965,2363.511111111111,2398.376865671642,4,通勤型,2
3431,源泉,23.79845,120.64211,1.9263062774765096,1.2950839709585156,1.1500456772317331,19.17811102341489,0.3566934659444027,1.1128027333936288,0.1951126910112961,1.2828058284598838,0.04641818374918761,84.3929712460064,76.31902985074628,87.77037037037037,98.83955223880596,0,春季活動型,4
3432,濁水,23.83467,120.70467,2.247618503868049,1.596751401446603,1.2723546082869064,1.563963092791813,1.0599887063097897,1.0003558960105754,0.2122415722088445,0.19422650013944162,0.00015453617575092072,176.85547290116898,146.27881040892194,186.11851851851853,233.57089552238807,1,城際樞紐,5
3433,龍泉,23.83521,120.75014,1.3967133447929982,1.2022855845189615,0.9929679972973088,3.897833914811844,1.47991780021447,0.2495582204414967,-0.2466429913239393,0.5908233300567608,-0.6028281199129427,24.92948717948718,23.586915887850463,23.42105263157895,28.35820895522388,3,寒暑假觀光型（集集線）,1
3434,集集,23.82647,120.78495,2.4164708983217373,1.8161522598092492,1.0646514108327605,5.872709739633558,1.6642411492835962,0.2508316958814031,0.1503654126568361,0.7688385362438344,-0.6006175855580693,260.8980891719745,210.15398886827455,223.74074074074076,381.6716417910448,3,寒暑假觀光型（集集線）,1
3435,水里,23.81845,120.85332,2.1948058888171373,1.4100488592892113,1.189813585165511,3.829326923076923,1.0093490085479069,0.7086491060260466,0.2303196242783893,0.5831224451743887,-0.14956875640982537,156.60509554140128,136.9090909090909,162.8962962962963,193.04850746268656,2,週末觀光型,5
3436,車埕,23.83263,120.86572,2.32017065387551,1.821277821477239,1.0455225286108372,6.706898668077939,1.8907034099137103,0.5585417726251576,-0.0273963624208525,0.8265217448038931,-0.25294434100461327,209.01172707889123,168.40111940298507,176.06716417910448,306.70522388059703,3,寒暑假觀光型（集集線）,1
3450,林內,23.75967,120.61499,3.213977495794951,1.2772454967589364,1.282473913483943,1.2272952872258025,0.9342657690163676,1.1391810587774869,0.2728863539594726,0.08894906654447789,0.05659275531595074,1636.7317073170732,1462.3703703703704,1875.451851851852,1867.8059701492537,1,城際樞紐,5
3460,石榴,23.73167,120.57998,2.666107861702954,1.368570875354422,1.178681573730815,1.2344949180667912,0.9325600578130916,1.4063019841365512,0.1084326197376771,0.09148930645094602,0.14807858950441571,463.5620360551432,410.11296296296297,483.3925925925926,561.2686567164179,4,通勤型,3
3470,斗六,23.71157,120.54117,4.054846067087909,1.4442999316047254,1.4320384254620462,1.2067295991966862,0.9393839660273366,1.0504313328886126,0.0346537498874749,0.081609965430487,0.02136766766793781,11346.085896076353,9549.60925925926,13675.407407407409,13792.5,1,城際樞紐,5
3480,斗南,23.67265,120.48056,3.613284663912146,1.4208730943119572,1.4832789318939743,1.2837109054556908,0.9063281077892528,1.0936364193724055,0.169536935758236,0.10846723066305736,0.03887296431498653,4104.730646871686,3452.840740740741,5121.525925925926,4906.048507462687,1,城際樞紐,5
3490,石龜,23.63951,120.47106,2.436196385333165,1.2561215085431232,1.2013569251001257,1.249701807505276,0.9491538938220958,1.1323512683426231,0.1862951133160072,0.09680639796467076,0.05398117087914023,273.02120890774125,247.83703703703705,297.7407407407408,311.3134328358209,4,通勤型,3
4050,大林,23.60112,120.45585,3.549222681275094,1.0916554037840152,1.2561270036011616,1.2825507678985664,0.8850609452679281,1.2148828340977849,-0.1982354401366289,0.1080745650367398,0.0845343956640218,3541.7889713679747,3332.7722222222224,4186.385185185185,3638.238805970149,1,城際樞紐,5
4060,民雄,23.55519,120.43139,3.59604572338603,1.348331692206867,1.4484789844753323,1.535198899897231,0.8141714946432236,1.1481097589552125,-0.1909931288300233,0.18616465051797448,0.059983408471367766,3944.9883351007434,3391.4962962962964,4912.511111111111,4572.861940298508,1,城際樞紐,5
4070,嘉北,23.49981,120.44851,3.176607990696376,0.862369476694923,1.1406119580285925,1.122284135425726,0.9702607865588116,1.0872509431007449,0.051839118172745,0.050102823787721906,0.036329793052270555,1501.7857900318131,1530.848148148148,1746.1037037037038,1320.1567164179105,4,通勤型,2
4080,嘉義,23.47902,120.44124,4.318380884582799,1.4354996052592577,1.3925475877194364,1.228937374914875,0.9427527729792312,1.076228678816067,0.0865699015988371,0.08952975235604926,0.03190456073186136,20815.214209968188,17640.522222222222,24565.266666666663,25322.962686567163,1,城際樞紐,5
4090,水上,23.43398,120.39971,3.118290330686805,1.2316744740792418,1.2593705667139552,1.3652290266367937,0.909163891755139,1.061080771923161,0.098678742114738,0.13520551339958045,0.025748444660386772,1313.0774125132557,1190.4888888888888,1499.2666666666669,1466.294776119403,1,城際樞紐,5
4100,南靖,23.41344,120.38654,2.608162890204858,1.3482833356669697,1.356250032810638,1.3535839729413297,0.9118628463414148,1.09686123919522,0.3738760098787802,0.13148520347837842,0.040151689686366926,405.66065747614,352.7537037037037,478.4222222222222,475.6119402985075,1,城際樞紐,5
4110,後壁,23.36626,120.36058,3.08584915544602,1.0437452083279035,1.1524655430670403,2.1059521631757065,0.8755121930087606,1.1875076073641877,0.1243589853313999,0.32344850193741814,0.07463640046591982,1218.5662778366914,1178.201851851852,1357.8370370370371,1229.7425373134329,4,通勤型,5
4120,新營,23.30673,120.32307,4.01877455902054,1.073060420524231,1.2396376518173169,1.1795599055318375,0.9653991193026512,1.0938845508905712,0.1413531851578657,0.07172000200945344,0.038971488764400035,10441.780487804876,9896.762962962965,12268.4,10619.824626865671,1,城際樞紐,5
4130,柳營,23.27762,120.32252,3.145147942279015,0.678565191524919,1.2155972787217664,1.728455194553606,0.7220211131746648,0.922846237731734,-0.2911667748214694,0.23765812613452433,-0.034870653976820314,1396.8441145281015,1486.7740740740742,1807.3185185185184,1008.8731343283582,4,通勤型,5
4140,林鳳營,23.24259,120.32107,3.038590665805717,1.0169910675448934,1.160228826177436,1.24044402199742,0.9390978098706276,1.085076361670496,0.1708617725494294,0.09357717047347192,0.03546030250267531,1092.9257688229056,1063.398148148148,1233.7851851851851,1081.4664179104475,4,通勤型,2
4150,隆田,23.19271,120.31917,3.4172965977557883,1.0965492551790226,1.202366785963935,1.2399191527745297,0.9232386941248578,1.0823060467898806,-0.1083639969749424,0.09339336851016027,0.03435008483522708,2613.94591728526,2474.366666666667,2975.0962962962963,2713.2649253731342,1,城際樞紐,2
4160,拔林,23.17287,120.32117,2.555244676170224,0.9240192316619096,1.0935233053939215,1.384520747120009,0.8276496568200169,1.1689947769352238,-0.0116718591133891,0.1412994680571979,0.06781257073987398,359.12420382165607,362.0983302411874,395.962962962963,334.5858208955224,4,通勤型,3
4170,善化,23.13333,120.30653,3.837381812976688,0.9996035471266324,1.2376834336314526,1.2322251183573594,0.9289250178876512,1.1019954148870024,-0.0408408158431205,0.09069005744619925,0.04217978753444466,6876.727465535525,6651.15925925926,8232.02962962963,6648.522388059701,1,城際樞紐,5
4180,南科,23.10727,120.30192,3.449211315164541,0.7101893861547611,1.1313147003672597,1.215050332592361,0.9110385049533894,1.120994453734851,-0.2848879940140619,0.08459426864574317,0.049603463872129216,2813.269353128314,3004.233333333333,3398.733333333333,2133.574626865672,4,通勤型,2
4190,新市,23.06823,120.29004,3.646408924223339,1.087618676009401,1.2315729695016124,1.274647788425889,0.9258769945121356,1.0680831868491398,-0.1439482901272206,0.10539019678985673,0.028605078706233175,4430.053022269353,4186.985185185185,5156.577777777778,4553.8432835820895,1,城際樞紐,5
4200,永康,23.03825,120.25347,3.797359640180421,1.1687836164044274,1.260759990206246,1.3522831087980092,0.8957441895565446,1.119477556690067,-0.1047835462280934,0.13106762334926692,0.049015391257288474,6271.329798515377,5778.437037037037,7285.222222222223,6753.742537313433,1,城際樞紐,5
4210,大橋,23.01923,120.22429,3.8701821412819246,0.8295019212576517,1.156252568687619,1.506922362922676,0.7975990275012634,1.1730994425470689,-0.2168690774948979,0.17809087791329012,0.06933482841470316,7416.212089077412,7614.855555555556,8804.696296296297,6316.537313432836,4,通勤型,2
4220,臺南,22.99719,120.21249,4.712607331152117,1.381240668556736,1.3417628602206333,1.2099663503381477,0.9750317663395592,1.0829771604514564,0.0120066951389667,0.08277329257622922,0.034619297627632745,51594.96606574761,44583.14444444444,59820.00740740741,61580.05223880597,1,城際樞紐,5
4250,保安,22.93296,120.23158,3.49655019226474,1.1902864736776175,1.3006035643974718,1.5631986879942488,0.8682301314991143,1.1231617088588368,-0.2285461992494547,0.19401418186785477,0.050442288949921,3137.2576882290564,2859.555555555556,3719.148148148148,3403.6902985074626,1,城際樞紐,5
4260,仁德,22.92354,120.24054,3.221211163070451,1.260959670017237,1.2279752352637627,1.2691298248789538,0.9361158615739344,1.1136783106938222,-0.0226076699897162,0.10350605026227909,0.046759761693959165,1664.221633085896,1503.6314814814814,1846.4222222222224,1896.0186567164176,1,城際樞紐,2
4270,中洲,22.90446,120.25284,2.878412127946293,1.123493591033924,1.1994214456041592,1.2814589512845005,0.9140402398662896,1.0096161305695424,-0.0667473819796656,0.10770469907574028,0.004156280649444358,755.8091198303288,710.5833333333334,852.2888888888889,798.3358208955224,4,通勤型,2
4271,長榮大學,22.90729,120.27263,2.992576967579601,0.7823663794605344,1.1453351242912748,2.5060013231263585,0.5500624408540611,0.8820973862898736,-0.3811110663204421,0.39898129595834053,-0.054483464762163696,983.0530785562632,1025.1762523191094,1174.1703703703704,802.0634328358209,4,通勤型,5
4272,沙崙,22.92407,120.28622,3.8335819440397554,1.6763352664653748,1.556818586246418,1.3742086871687185,1.000067509169311,1.1455221242853302,-0.0486333122130696,0.13805268964042502,0.05900348144531757,6816.8218451749735,5359.438888888889,8343.674074074073,8984.216417910447,1,城際樞紐,5
4290,大湖,22.87821,120.25384,3.531334362948288,0.717077508332229,1.1931346420232742,2.250860245604066,0.6377916768281654,1.1133656319240608,-0.2411204880705821,0.3523485307858691,0.046637811100520656,3398.868504772004,3588.17037037037,4281.170370370371,2572.9962686567164,4,通勤型,5
4300,路竹,22.85404,120.26619,3.537166231777221,0.9551097269417042,1.110473753202292,1.219500648374946,0.9412186559067548,1.1717330461285973,-0.0053860493690283,0.08618203555223927,0.06882867840640226,3444.817603393425,3434.3166666666666,3813.718518518519,3280.1492537313434,4,通勤型,2
4310,岡山,22.79223,120.30004,3.776688399424609,1.2686620926431549,1.2937724350137918,1.299341430809228,0.9158612835831258,1.275664708021064,-0.0747054642369679,0.11372328658693277,0.1057365406930023,5979.823966065747,5346.718518518518,6917.437037037037,6783.179104477612,1,城際樞紐,5
4320,橋頭,22.76098,120.31011,3.452679048446749,1.0577096019578802,1.1762477055884195,1.289910341321338,0.9167953888026648,0.9834863313847289,-0.0509601608113765,0.1105595245452794,-0.007231671581389138,2835.8225292242296,2722.247211895911,3202.037037037037,2879.347014925373,4,通勤型,2
4330,楠梓,22.72696,120.32425,3.677944683797062,1.045480486735498,1.2354105297420457,1.321115862899936,0.8678378581018155,1.1301155267078973,-0.1474248885259532,0.12094090725233479,0.05312284175528064,4763.703075291623,4551.481481481482,5622.948148148148,4758.485074626866,1,城際樞紐,5
4340,新左營,22.68754,120.30678,4.413845265656886,1.3873902162380505,1.4080684882000527,1.1592748286736727,0.9766478793352616,1.1222461150072374,-0.0597412713807059,0.06418640613393795,0.05008811063520576,25932.55249204666,22192.73888888889,31248.896296296298,30789.988805970148,1,城際樞紐,5
4350,左營,22.67445,120.29401,3.2103349951760456,1.0000403618799234,1.1429097453605686,1.5157250353837224,0.9501168398647049,0.9696927367650772,-0.0013632534508084,0.18062042395673006,-0.013365857349175067,1623.0615711252651,1590.469387755102,1817.762962962963,1590.5335820895525,4,通勤型,2
4360,內惟,22.66589,120.28701,3.3045060617711863,0.9539414083500614,1.115294113309732,1.1811789780954256,0.9450226242246488,1.3444208485702958,0.0355301550593825,0.07231570905294799,0.12853523865970484,2016.0721102863204,2009.2092592592592,2240.859259259259,1916.6679104477607,4,通勤型,2
4370,美術館,22.65185,120.28148,3.469282608632125,0.9617708106370648,1.1210324853065554,1.3136550036960115,0.91265612882098,1.2216210301598431,0.0044018534282208,0.11848132438373586,0.0869365004758029,2946.338282078473,2927.42037037037,3281.733333333333,2815.507462686567,4,通勤型,2
4380,鼓山,22.64181,120.28071,3.077659935571371,1.4202687859981724,1.2428274970820232,1.5348440066493532,1.044706818688283,1.3400707367308582,-0.0320368305171902,0.1860642426835589,0.12712772355962856,1195.803817603393,1036.0425925925929,1287.6222222222225,1471.4589552238806,1,城際樞紐,3
4390,三塊厝,22.63931,120.29414,3.144435196339769,0.9722214348224636,1.1053980312433127,1.349063459477136,1.0059677374379077,1.2078500755084274,0.049733309171737,0.13003237921417682,0.08201303079156777,1394.5535524920467,1384.5925925925926,1530.525925925926,1346.1305970149251,4,通勤型,2
4400,高雄,22.63946,120.30292,4.493701369702154,1.4038212915333343,1.2898516045753796,1.1596072773829005,1.0027927013556672,1.1714511931898413,0.0360490349755383,0.06431093220669133,0.06872419906197315,31167.457051961825,26955.38333333333,34768.444444444445,37840.54104477612,1,城際樞紐,5
4410,民族,22.63879,120.31494,3.277567410793683,0.9384191894644898,1.114002094862316,1.1839244690984478,0.9459220769930956,1.1667821178135835,-0.0055146415880059,0.073323996559121,0.06698976447232372,1894.817603393425,1897.0574074074077,2113.3259259259257,1780.2350746268658,4,通勤型,2
4420,科工館,22.63709,120.32603,3.57015786701092,0.942173082015693,1.1532382949196782,1.219078036288625,0.9240816467302212,1.386166521260259,-0.0464159060088731,0.0860315068036149,0.1418154055430256,3716.703075291623,3696.3611111111113,4262.785185185186,3482.6119402985078,4,通勤型,2
4430,正義,22.63425,120.34245,3.4598037456765343,0.9073092114113124,1.1419413130026403,1.3149506402886253,0.8803159017395903,1.2499421657760197,0.025058732857222,0.11890945088462805,0.09688991887572956,2882.728525980912,2900.1944444444443,3311.851851851852,2631.373134328358,4,通勤型,2
4440,鳳山,22.63145,120.35745,4.061880950835889,1.171528370840957,1.3035923670466023,1.2170621678081288,0.9289287684449604,1.142430964931607,-0.0456559588634199,0.08531276265607128,0.05782996589277754,11531.371155885472,10557.827777777778,13763.103703703704,12368.794776119405,1,城際樞紐,5
4450,後庄,22.64016,120.39131,3.1510801657152334,1.0226510549949537,1.1314994878175666,1.2205847040461042,0.929490875503766,1.2498290740866915,0.0420002537655768,0.08656792322339599,0.09685062320268986,1416.0551431601273,1381.1629629629629,1562.7851851851851,1412.44776119403,4,通勤型,2
4460,九曲堂,22.65641,120.42089,3.4252661777200117,1.0971883139260692,1.1702646101971732,1.230834721873502,0.948991225354106,1.2462568388294937,-0.0154032401145543,0.09019973920473878,0.09560755451550965,2662.356309650053,2530.766666666667,2961.6666666666665,2776.727611940298,4,通勤型,2
4470,六塊厝,22.66597,120.46497,2.509000006166056,0.7963726989883337,1.0695253750416411,1.1455174862417894,0.9617558057592772,1.2343393173509205,-0.0113068040331757,0.05900172304995213,0.09143456277362425,322.8494167550371,339.09814814814814,362.6740740740741,270.0485074626866,4,通勤型,3
5000,屏東,22.66905,120.48617,4.347115979652855,1.209553004586549,1.2723727100934543,1.2320840591019135,0.9621029384642892,1.130814211765393,0.040892225085377,0.0906403386390879,0.05339125794668566,22239.037115588548,20244.033333333333,25757.95555555556,24486.231343283584,1,城際樞紐,5
5010,歸來,22.65246,120.50263,2.788426320058361,0.9112677601978484,1.114501764208526,1.2376507195643718,0.8786384314627115,1.3129352099834748,-0.0883567574297776,0.09259809866770209,0.11824329528908636,614.3647932131495,619.8351851851852,690.8074074074074,564.8358208955224,4,通勤型,3
5020,麟洛,22.63481,120.51432,2.65883655773556,1.116108552464566,1.1419866926253184,1.181440278831492,0.9856443241810068,1.3164500499884642,0.1187551403096645,0.07241177317154929,0.1194043853365614,455.86532343584304,432.787037037037,494.23703703703706,483.03731343283584,4,通勤型,3
5030,西勢,22.61643,120.52661,3.2955645348909144,1.076562801383142,1.182942646920102,1.250405572755418,0.9126191202550056,1.3023947285250428,0.068402701286789,0.09705090056098163,0.11474262973099937,1974.9883351007425,1884.6222222222225,2229.4,2028.9141791044776,4,通勤型,2
5040,竹田,22.58658,120.53978,2.815947998672845,1.2007006143815606,1.140039736229446,1.284326418659071,0.9220069768416896,1.3136115264374066,0.0747576511273591,0.10867541610520443,0.11846695055962207,654.5577942735949,607.7111111111111,692.8148148148148,729.679104477612,4,通勤型,3
5050,潮州,22.55008,120.53631,3.933833686060827,1.2048451399597797,1.2514844382355232,1.2658145710929458,1.0101875157275393,1.1646103643508372,0.1780098365448961,0.102370090634498,0.06618065075599075,8586.846235418876,7847.462962962963,9820.977777777778,9454.977611940298,1,城際樞紐,5
5060,崁頂,22.51311,120.51481,2.5084717562224745,0.4026441852397003,1.006114890617778,1.867966573816156,0.7739868999472739,1.1012827013728472,0.0357121327405327,0.2713691005144821,0.04189881750629674,322.4569606801275,388.1524163568773,390.525925925926,156.28731343283582,4,通勤型,3
5070,南州,22.49207,120.51174,3.045954421249397,0.9401264425529604,1.2007078810759793,1.5095372671003802,0.8208553636703025,1.147110986131954,0.0380865716147751,0.17884383925130967,0.05960543911558936,1111.6150583244962,1098.7407407407406,1319.2666666666669,1032.955223880597,4,通勤型,5
5080,鎮安,22.45794,120.51129,1.8564341593675653,0.7676831088460139,1.0626836495031615,1.5427811044577513,0.8375475278982372,1.2563524493917615,0.2142716745071751,0.1883043111118259,0.09911149079749186,71.85122210414453,76.2081784386617,80.98518518518519,58.50373134328358,4,通勤型,3
5090,林邊,22.43144,120.51535,3.0482633981851293,1.091285205551924,1.204248206017709,1.2111746156878205,0.9422125223498666,1.1674546634831038,0.2391621830371947,0.08320676012311172,0.06724002432901287,1117.5408271474018,1059.0962962962965,1275.414814814815,1155.7761194029852,4,通勤型,2
5100,佳冬,22.41409,120.54774,2.588311519925584,0.9703321096772128,1.1383363297183398,1.2457837065269175,0.9353312482707444,1.326580442624907,0.2547365231570146,0.0954426464837597,0.12273359033708028,387.53552492046657,383.1777777777778,436.1851851851852,371.8097014925373,4,通勤型,3
5110,東海,22.39897,120.57236,2.3714463341413508,1.1669744636587565,1.1545572555343058,1.3768431230360163,1.0016215120877558,1.306370805170165,0.0504647938274109,0.13888445973328772,0.11606646620566816,235.20488322717625,219.8886827458256,253.8740740740741,256.6044776119403,4,通勤型,3
5120,枋寮,22.36802,120.59511,3.3732539600044404,1.2869473496890007,1.2635695310943649,1.355936996586364,1.0548549334700883,1.030911176294986,0.1878795045964831,0.1322395105704547,0.013221247915186522,2361.858960763521,2110.153703703704,2666.3259259259257,2715.6567164179105,1,城際樞紐,5
5130,加祿,22.33085,120.62445,1.9296587861042849,1.285109261892721,1.1606593531333869,1.9474667768004383,1.1595197295064723,1.1916562370695911,-0.0171445053710103,0.28947005747409404,0.07615099040797133,85.04695837780149,76.98689138576779,89.35555555555555,98.93656716417912,4,通勤型,5
5160,枋山,22.26704,120.65947,0.9245839965617252,1.3047219770520742,1.070388349514563,1.8725863284002815,1.106511988927914,0.87659056108097,0.1967097716847958,0.27244184831203777,-0.0572032100367479,8.405895691609977,7.62962962962963,8.166666666666666,9.954545454545457,4,通勤型,3
5190,大武,22.36526,120.90094,2.666346234562686,1.3415589608055434,1.3302690675158888,1.216764118097581,0.9538534388434308,1.147877678374568,0.1356757449359595,0.08520639405776956,0.05989561067749887,463.81654294803815,405.3092592592593,539.1703703703704,543.7462686567164,1,城際樞紐,5
5200,瀧溪,22.46102,120.94176,1.7218307571775782,1.398913795434124,1.3372688126017906,1.3131777850805126,1.0466839149679377,1.2605417837975976,0.494998385317015,0.1183235271957776,0.10055724602354862,52.70244420828905,45.3550185873606,60.65185185185185,63.44776119402985,1,城際樞紐,5
5210,金崙,22.53161,120.96721,3.093700522831623,1.2265740119281725,0.96852122523617,1.687030059724576,0.9079668897679458,1.0284309661969238,0.1387284345147185,0.2271228209745457,0.012175144833892006,1240.796394485684,1170.6888888888889,1133.8370370370371,1435.936567164179,4,通勤型,3
5220,太麻里,22.61883,121.00492,2.600396542879222,1.4521140008014228,1.374477412691524,1.2638376927840524,1.050028767462888,1.0258855876968669,0.1979348349410073,0.10169130365022956,0.011098928609538313,398.47083775185575,337.087037037037,463.31851851851854,489.48880597014926,1,城際樞紐,5
5230,知本,22.71022,121.06068,3.1779286281200623,1.2519277071195567,1.2202210224968844,1.4516351193312254,0.918223651968227,1.0221467570026104,-0.1784733751182388,0.16185746651891625,0.009513255075302138,1506.3594909862145,1365.5388888888888,1666.2592592592594,1709.5559701492537,1,城際樞紐,5
5240,康樂,22.76426,121.09356,1.6448529871527893,1.1875500242604704,1.3531536537927202,1.2417536534446765,1.053744987998974,1.5636413547520611,-0.1219873351407618,0.0940354464353534,0.19413714801188267,44.142099681866384,39.98888888888889,54.11111111111112,47.48880597014925,1,城際樞紐,5
6000,臺東,22.79372,121.1231,4.058726241473311,1.4089040789477678,1.423925633334323,1.2281121458824102,1.073538144132928,0.98512721453664,0.1136267414765288,0.08923802650718198,-0.006507683204052041,11447.910922587487,9727.177777777775,13850.777777777776,13704.660447761196,1,城際樞紐,5
6010,山里,22.86194,121.13778,1.2150305355318023,1.0668491583880102,1.0932114071799983,1.5348387096774194,0.9292597531839892,1.0262776409064815,0.3538876113748039,0.18606274386697477,0.011264867210568052,16.40705128205128,15.889305816135083,17.37037037037037,16.95149253731343,4,通勤型,3
6020,鹿野,22.91249,121.13701,2.682560421943493,1.2014225710007542,1.246742113203424,1.7581720430107526,1.290963128441025,1.1011876745906095,0.2517686036274579,0.24506136998373168,0.041861341763026944,481.4602332979852,440.6685185185185,549.4,529.429104477612,1,城際樞紐,5
6030,瑞源,22.95604,121.15901,1.9068316949833173,0.5512230564301284,1.0069361845901763,1.6825826900465213,0.7668402897825379,1.1595405232929163,0.1982368066274505,0.2259764166989623,0.06428593083944416,80.69222577209797,92.44029850746269,93.08148148148148,50.95522388059702,4,通勤型,3
6040,瑞和,22.97997,121.15595,1.2571186055745234,0.62671453557949,0.9893945128042522,1.7093768359497754,0.8103713920285285,1.332431910372803,0.2189714226781888,0.2328378144661337,0.12464502504951605,18.076677316293928,20.26679104477612,20.05185185185185,12.701492537313433,4,通勤型,3
6050,關山,23.04566,121.1643,3.0926964635079304,1.1043331387541615,1.271225099458314,1.146237999553472,0.9780150562969386,1.1136321227239692,0.1573914565500232,0.05927480189073679,0.0467417496735965,1237.931071049841,1158.5907407407408,1472.8296296296296,1279.4701492537313,1,城際樞紐,5
6060,海端,23.10292,121.17676,1.251314822291327,0.7152008658341996,0.9520753925984864,1.2987947536334632,0.9696727086338324,1.368024861878453,0.262544871577697,0.11354052566335807,0.13609399013154472,17.836712913553896,19.56448598130841,18.62686567164179,13.992537313432836,4,通勤型,3
6070,池上,23.12613,121.21949,3.148306208272604,1.4618538290390497,1.2967339889454286,1.5001376450927908,0.9564174485964608,1.0566536125564607,0.2897524536676671,0.17613110956347366,0.023932642170282944,1407.0392364793213,1198.7666666666669,1554.4814814814815,1752.4216417910447,1,城際樞紐,5
6080,富里,23.17924,121.24864,2.6069373117028527,1.2362660426204573,1.2986804465242952,1.2178784787993588,1.030240459332816,1.1429286319193164,0.2577936236309837,0.08560395609668661,0.058019112520119584,404.51749734888654,364.4611111111111,473.31851851851854,450.57089552238807,1,城際樞紐,5
6090,東竹,23.22605,121.27842,1.2781182029142453,0.9707990138934012,1.0301038554559685,1.2592223330009968,1.016510239452124,1.1945211018774216,0.0183426601020956,0.10010241753491257,0.07719382620642758,18.97222222222222,19.04878048780488,19.622222222222224,18.49253731343284,4,通勤型,3
6100,東里,23.27234,121.30418,1.400259884661392,1.21020813198743,1.2128125867985555,1.236183865898376,1.0891004831782525,1.0717423253771754,0.2413037560487891,0.0920830710815376,0.03009038226125468,25.133900106269927,23.050185873605948,27.95555555555556,27.895522388059703,4,通勤型,5
6110,玉里,23.33155,121.31172,3.4818295879379053,1.286139764325448,1.380556825140982,1.1713534733955042,1.0248951409630216,1.0901715248328814,0.1622248972944915,0.06868796969288983,0.03749483411301646,3032.7009544008483,2670.098148148148,3686.222222222222,3434.1194029850744,1,城際樞紐,5
6120,三民,23.42458,121.34539,1.3888362988813736,1.1695815635367046,1.5083113419028968,1.4293612453032742,0.8675339896762416,1.240493158098613,-0.0034353610223912,0.15514200276927234,0.09359437327714171,24.481402763018068,21.83457249070632,32.93333333333333,25.53731343283582,1,城際樞紐,5
6130,瑞穗,23.49749,121.37683,3.180670036480585,1.34583718804234,1.3652020279396904,1.2752011648402175,0.9921671901416498,1.1967205577476092,0.3551518322601955,0.10557870076113979,0.07799275157906431,1515.898197242842,1317.5203703703703,1798.6814814814816,1773.1679104477612,1,城際樞紐,5
6140,富源,23.58031,121.38008,1.9355051264482976,1.0112330452476106,1.1818307574538052,1.558087005837546,0.9002870204156995,1.2673320045867078,0.3600341407751135,0.19259170564726652,0.1028904024697068,86.1995753715499,83.7495361781076,98.97777777777776,84.69029850746269,4,通勤型,3
6150,大富,23.60571,121.38963,1.2832096811253555,1.151245735552569,1.1427179893632906,2.656179775280899,0.8397058399412822,1.939252336448598,0.3331109325840404,0.424257465564305,0.28763432336290184,19.195953141640043,18.046641791044777,20.622222222222224,20.776119402985078,0,春季活動型,3
6160,光復,23.66631,121.42117,3.2072024447322525,1.3146929624803647,1.2575724431799795,6.012919174775193,0.5557440146233168,2.5312042558268804,0.2624865059155299,0.7790853661297082,0.40332719201692524,1611.396606574761,1430.687037037037,1799.1925925925923,1880.9141791044776,0,春季活動型,4
6170,萬榮,23.71199,121.41907,2.012868622675444,0.7627217082396238,1.103220319634703,1.899941600155733,0.7734138697931033,1.514617141690751,0.3193893171110442,0.27874025194235463,0.18030286764743242,103.00744680851064,108.75232774674116,119.97777777777776,82.94776119402985,4,通勤型,3
6180,鳳林,23.74634,121.44701,2.9489162661005777,1.151299007934906,1.2712907878132322,1.966990630681024,0.8469529932785594,1.3763113226449115,0.2324568690351887,0.2938022912598444,0.13871668274673649,889.0296924708377,821.7777777777778,1044.7185185185183,946.1119402985074,1,城際樞紐,5
6190,南平,23.78231,121.45824,1.6265260076437031,0.7039020884974421,1.2810813842615962,1.3803125,0.8190463459661607,1.1272973358028209,0.5246135297702239,0.1399774209384852,0.052038480613198324,42.31808510638298,44.26815642458101,56.71111111111111,31.16044776119403,4,通勤型,5
6200,林榮新光,23.80176,121.46169,1.7800506790517596,1.8985350172215845,1.556676923076923,2.4580655791728456,1.0696515399849948,0.7103524635541614,0.2479144344513493,0.39059346532544376,-0.14852610903530025,60.26299045599151,45.138888888888886,70.26666666666667,85.69776119402985,2,週末觀光型,5
6210,豐田,23.84842,121.49618,1.9853085712835148,0.8922901740751437,1.1133688045552517,1.5029175348791208,0.8327048803053176,1.138844567540717,0.1046720263607062,0.17693515149210384,0.05646445448674808,96.67375132837408,98.08736059479554,109.2074074074074,87.5223880597015,4,通勤型,3
6220,壽豐,23.86901,121.51064,2.8962555334013538,1.2086293545727007,1.3242745003211154,1.3215535177621944,0.917635258602434,1.1410028477477618,0.1065823795378265,0.12108475505621484,0.057286728344240444,787.50901378579,712.2166666666667,943.1703703703704,860.8059701492538,1,城際樞紐,5
6230,平和,23.88279,121.52045,1.4318768114506706,0.6388380314369363,1.1025647467705129,1.343296224588577,0.9405812376449822,2.061426402544824,-0.0358960186797411,0.12817179414178367,0.3141678341462386,27.03191489361702,29.64804469273743,32.68888888888889,18.94029850746269,4,通勤型,3
6240,志學,23.90769,121.5295,2.8889188352703647,1.2416681646695478,1.459598933165476,2.2559553166304998,0.6366271094152925,1.0373307454461094,-0.5926937841256781,0.3533304933906536,0.015917250140524468,774.3170731707318,682.5314814814815,996.2222222222222,847.4776119402985,1,城際樞紐,5
6250,吉安,23.96823,121.58266,3.1224136071674438,1.1575743278628088,1.2733902277999527,1.214331375259157,0.966885793393345,1.2447036749003195,0.0609732411207483,0.08433721623554286,0.09506597177453269,1325.603393425239,1222.9703703703703,1557.3185185185184,1415.679104477612,1,城際樞紐,5
7000,花蓮,23.99264,121.60158,4.347296937570264,1.4785190293177053,1.4737048833537558,1.1994181625960467,0.9755611144878418,0.9637061089034256,0.117699900340481,0.0789706210029421,-0.016055388028004162,22248.305408271477,18481.56851851852,27236.37777777778,27325.350746268658,1,城際樞紐,5
7010,北埔,24.03253,121.60166,2.5280925482896466,0.8263234372682394,1.0726512485069823,1.3373152333973013,0.904397012130953,1.1239117406008907,-0.0732872130360288,0.12623379169586407,0.05073220796347289,337.35919234856533,351.0650557620818,376.5703703703704,290.09328358208955,4,通勤型,3
7020,景美,24.09038,121.61099,1.3904115634403376,0.5570994540017917,1.0452813556971867,1.7217553688141924,0.7333729125037495,1.309461426491994,0.0739328336005145,0.23597144588575492,0.11709270970404406,24.570362473347547,27.90671641791045,29.17037037037037,15.546816479400748,4,通勤型,3
7030,新城,24.12756,121.64086,2.947526756682997,1.0826575473154467,1.2240900498291605,1.42100884490761,0.9941850465286208,0.5837796415524096,0.1168885234894172,0.15259678115239098,-0.2337510544586845,886.1898197242842,839.5351851851852,1027.6666666666667,908.929104477612,1,城際樞紐,5
7040,崇德,24.17199,121.65536,1.6000505420258362,0.9289917272300438,1.112093744013444,1.5122493993461736,1.041978902036994,0.8269456066181283,0.0768966062445604,0.17962342068099582,-0.08252305577089918,39.815350389321466,39.99021526418787,44.47286821705426,37.15057915057915,4,通勤型,3
7050,和仁,24.24225,121.71182,1.9660218419245223,0.5406081651838586,0.9957046920824908,1.3657361682670326,0.9515425945195694,0.9428846057577224,-0.0053717142829509,0.13536681081523327,-0.025541454822786514,92.47446808510638,106.4275092936803,105.97037037037038,57.53558052434457,4,通勤型,3
7060,和平,24.29839,121.75344,3.124920314394384,0.44943461258973,0.9694255756598116,1.3684452076356184,0.9200639821745356,0.9170586749118732,0.0067959555956076,0.13622741300088137,-0.037602876570721304,1333.2767762460232,1588.8370370370371,1540.2592592592594,714.0783582089553,4,通勤型,3
7070,漢本,24.33543,121.76838,1.1763381224881648,1.0294077670175938,0.9754754879552284,1.5411672143286896,1.05740394891224,0.8973828075582668,0.0446848896086677,0.18784976157403774,-0.04702225512175298,15.008528784648188,14.936685288640597,14.57037037037037,15.37593984962406,4,通勤型,3
7080,武塔,24.44879,121.77601,1.4121296099147664,0.8417745557960358,1.0711458769846811,1.71279399837794,0.8057719220259792,1.0717439293598234,0.2342990634430931,0.23370513252323993,0.030091032231191805,25.830309498399146,26.762616822429905,28.666666666666668,22.528089887640448,4,通勤型,3
7090,南澳,24.46342,121.80103,3.1555173193181125,0.7668538791702205,1.0818280950347026,1.1507575270200725,0.9464191310044908,1.0150848882695898,0.1494634806269514,0.0609838242634628,0.006502362412290578,1430.5970307529162,1513.1314814814814,1636.9481481481482,1160.3507462686566,4,通勤型,2
7100,東澳,24.51827,121.83072,2.532451745098427,0.8044188451634248,1.044716581408567,1.1445759887748836,0.990063757118891,0.948548223037327,0.1085301595152034,0.05864463092065688,-0.02294058521111788,340.762460233298,358.3888888888889,374.4148148148148,288.29477611940297,4,通勤型,3
7110,永樂,24.56843,121.84458,1.3890436218450997,0.6530872859241164,0.9307300943148088,1.3766671543169238,0.8637756220191461,1.0289418846955314,-0.0503940322099823,0.13882895077483418,0.012390846221331497,24.49309245483528,27.481412639405203,25.57777777777778,17.94776119402985,4,通勤型,3
7120,蘇澳,24.59516,121.85143,2.9954302420303183,0.9697162650909276,1.080630345931825,1.163597861490689,1.0185040334935895,0.9828702034931348,0.0061941633379146,0.06580291441100757,-0.007503830721887545,989.5329087048832,986.6326530612243,1066.1851851851852,956.7537313432836,4,通勤型,3
7130,蘇澳新,24.60852,121.82735,3.1472175031227123,0.9825905292620338,1.242915590388982,1.265400669047836,0.9483839444190956,1.021215109652491,-0.0559847623673634,0.10222805974515195,0.00911723189617171,1403.5164369034994,1362.8648148148147,1693.925925925926,1339.1380597014925,1,城際樞紐,2
7150,冬山,24.63633,121.79211,3.0610128994125887,1.32830559707959,1.1186796184500385,1.3140091462701098,1.0303119355133623,1.091559821876503,0.0771386894968364,0.11859838817719752,0.038047541784907414,1150.8345705196182,1036.512962962963,1159.525925925926,1376.8059701492537,4,通勤型,3
7160,羅東,24.67795,121.77424,3.983055514801831,1.2657901634401845,1.2424015039863592,1.1686185923401278,1.0564217059163687,1.0139775888811045,0.0655523782499995,0.06767279151257756,0.006028356246992341,9617.352067868504,8662.41111111111,10762.192592592592,10964.794776119405,1,城際樞紐,5
7170,中里,24.69415,121.77526,1.952057601693317,1.0986125352861007,1.0725765608989222,1.281590004668638,1.0251705579437562,1.1306591041104317,0.0271726009377949,0.10774911161923309,0.05333168404122909,89.54835281615303,86.23747680890538,92.4962962962963,94.74157303370788,4,通勤型,3
7180,二結,24.70528,121.77409,2.436991922530056,0.9859867004407632,1.1090885061844458,1.2321604182575563,0.987427553117846,1.1175487405106972,0.0823976005475612,0.09066725346856502,0.04826647343550151,273.5217853347503,270.365491651206,299.85925925925926,266.57677902621725,4,通勤型,3
7190,宜蘭,24.75462,121.75791,3.922834005529608,1.2761170505661037,1.2558973799891373,1.1426317984821048,0.9930997016104156,1.0105760827058392,-0.0140866362239717,0.05790630594293579,0.004569015580629064,8372.092258748675,7507.885185185185,9429.133333333331,9580.940298507465,1,城際樞紐,5
7200,四城,24.78681,121.76271,2.4113423449895897,0.8298008641434153,1.091751607334842,1.2123322385469788,0.958521548856725,1.0249942922994966,0.0542142987318415,0.08362165414927494,0.010721447021300255,257.83528161530285,267.2226345083488,291.7407407407408,221.74157303370785,4,通勤型,3
7210,礁溪,24.82703,121.77535,3.5884283235215504,1.419183377976582,1.180844313552165,1.4650242620587943,1.108268675648457,1.07922789552231,0.1330654385652642,0.1658448170389362,0.03311316230769246,3876.3976670201487,3385.437037037037,3997.674074074074,4804.555970149254,1,城際樞紐,5
7220,頂埔,24.84391,121.80913,2.301643389765867,0.7844571104741769,1.0908603657003269,1.2256781570485835,0.934813627094934,1.0834569732937684,0.0728416805291682,0.08837644655475106,0.03481166911026749,200.2826780021254,210.4081632653061,229.52592592592592,165.0561797752809,4,通勤型,3
7230,頭城,24.85898,121.82258,3.355966611165667,1.1577631797426862,1.2248440218633014,1.153390226556944,0.9637795230246758,1.0642517669997564,0.1662966471431715,0.061976267024270046,0.0270443799181021,2269.6903499469777,2107.3703703703704,2581.2,2439.8358208955224,1,城際樞紐,2
7240,外澳,24.88375,121.84572,2.385374746022673,2.099437321280325,1.2271520667425104,2.920387677397023,1.277802382832044,1.031428897251682,0.1338819065002414,0.46544050726300906,0.013439294746808432,242.8704883227176,180.6833333333333,221.72592592592596,379.3333333333333,2,週末觀光型,1
7250,龜山,24.90484,121.8689,2.253541636246495,1.214289356982738,1.0240218856333438,1.214156802627423,0.9673303587371468,1.1078567951795095,0.014331623733327,0.08427477744627937,0.044483625841168425,179.28404255319148,168.44981412639405,172.4962962962963,204.54681647940075,4,通勤型,3
7260,大溪,24.93836,121.88983,2.6087539778397355,1.3547706589658035,1.149537252574656,1.2333450005833626,0.962192979353116,1.033575859588158,0.1335126078938691,0.091084577724365,0.014342357297596774,406.2131495227996,361.9685185185185,416.0962962962963,490.38432835820896,4,通勤型,3
7270,大里,24.96677,121.92253,2.64543584338469,1.977660990431504,1.0543130625298316,4.469107301806069,1.1581475401076415,1.073808889058156,0.1498384139138868,0.6502207820541468,0.03092699475939244,442.01381509032944,343.92764378478665,362.6074074074074,680.1722846441947,2,週末觀光型,1
7280,石城,24.97832,121.94507,1.8141740502625,2.245132277196816,1.1171719011035386,2.224001309757695,0.8872274750020419,0.9747704453788724,0.1383940033799274,0.3471350386745756,-0.011097646909810788,65.18895966029724,47.54730983302412,53.11851851851852,106.75,2,週末觀光型,1
7290,福隆,25.01595,121.94471,3.348670460790349,2.1044263498097417,1.234550896262118,1.8385851021862951,1.0267071640001864,1.0288780648079925,0.0814935330051735,0.2644837367637752,0.012363908368960688,2231.878048780488,1656.3648148148147,2044.8666666666663,3485.6977611940297,2,週末觀光型,1
7300,貢寮,25.02197,121.90879,2.5557937843564678,1.303806729057899,1.110882765692744,1.485200382984544,0.8724582079287784,1.0165246735166382,0.0273151579449239,0.17178505254446105,0.0071179244812660915,359.57855626326966,326.2003710575139,362.3703703703704,425.30223880597015,4,通勤型,3
7310,雙溪,25.03851,121.86654,3.217518553532976,1.104420117788096,1.1241714205780398,1.1948934076853928,0.9606852400199004,1.1335663612560611,0.0058976167910957,0.07732916510107632,0.054446949679742264,1650.131495227996,1575.375925925926,1770.9925925925927,1739.8768656716418,4,通勤型,2
7320,牡丹,25.05871,121.85197,2.6692547468464043,1.976362008839404,1.1771842528147654,1.456200005653071,1.0107224602977294,0.7350729446558347,0.0173923503544423,0.16322102840154018,-0.13366956174626454,466.9331919406151,358.39444444444445,421.8962962962962,708.3171641791045,2,週末觀光型,1
7330,三貂嶺,25.06555,121.82257,2.540693753361571,2.745143080116549,1.1900007379995994,2.1957468803071696,1.087334909963111,0.6175621145598051,0.0056788367794129,0.3415822743838187,-0.20931935441826166,347.2911795961743,228.11688311688312,271.4592592592593,626.2134831460675,2,週末觀光型,1
7332,十分,25.04111,121.77514,3.3545797694174406,1.4653675363023062,1.151899435569549,2.274231495970239,1.1880203946050367,0.9716854840189968,0.0323440966137874,0.35683466980879114,-0.012474285134252519,2262.45405982906,1959.966417910448,2257.684210526316,2872.071161048689,2,週末觀光型,5
7333,望古,25.03445,121.76349,1.8011273023864571,2.160056977589136,1.1902686127593227,4.509003447034008,1.3609156662004918,1.3812450295128378,-0.0514941583951049,0.6540805673152812,0.14027072819911826,63.25972540045767,46.456740442655935,55.296,100.34920634920636,2,週末觀光型,1
7334,嶺腳,25.03016,121.74795,1.88901763328312,2.087845185493619,1.2600156755713074,5.964737393734716,1.2649857968855895,1.5244329812420443,0.1326745500156133,0.7755913279791244,0.18310833620120487,77.44932432432432,57.40039447731756,72.32539682539682,119.84313725490196,2,週末觀光型,1
7335,平溪,25.02571,121.74019,2.6837686422850173,2.3117213898109377,1.3532187298518836,4.18566460229652,1.6178968540475591,0.8102968388817116,-0.0288935714537562,0.6217644253386356,-0.09135585535292269,482.8015350877193,338.1984585741812,457.6564885496183,781.8206106870228,2,週末觀光型,1
7336,菁桐,25.02391,121.72391,2.672440788090262,2.08410999317712,1.2071227547740997,2.788761358201817,1.3059131859880209,0.7563533758859892,0.0497320491718908,0.4454113521110168,-0.12127525034460865,470.371270718232,350.70679611650485,423.34615384615387,730.9115384615385,2,週末觀光型,1
7350,猴硐,25.08702,121.82743,3.152024675411323,1.890011069834139,1.2007887787144895,1.6002074862528726,1.1977879877390163,0.8675180281015356,0.0240294053204623,0.20417629783874133,-0.0617214912648557,1419.1381509032944,1107.543599257885,1329.925925925926,2093.2696629213483,2,週末觀光型,1
7360,瑞芳,25.10861,121.80596,4.015827606113933,1.1585974674067037,1.1454322741450098,1.2171180830407513,1.0228665845482414,1.0675211393508994,-0.0110669888009951,0.08533271489829171,0.02837648380249156,10371.166489925768,9730.022222222222,11145.081481481482,11273.179104477613,1,城際樞紐,2
7361,海科館,25.13754,121.79997,2.338123984079372,2.2687830285834063,1.283474767734442,2.339082542213204,1.303052617203251,1.064028051299294,-0.0264909152601312,0.3690455475873533,0.0269530775491669,217.83315621679063,155.5537037037037,199.6492537313433,352.9176029962547,2,週末觀光型,1
7380,四腳亭,25.10281,121.76195,3.184210845426099,0.8196882904460179,1.0367309564384963,1.128401600090146,0.9811305428430136,1.148666440883121,0.016419471201874,0.052463693319759246,0.060193933026800886,1528.307855626327,1601.737037037037,1660.5703703703705,1312.9250936329588,4,通勤型,2
7390,暖暖,25.10231,121.74031,3.0438587998100006,0.7637658596698632,1.025363187870066,1.122722101561692,0.9578680258946328,1.1680199734586922,0.0098843720357711,0.05027227211743228,0.0674502693934416,1106.2640509013786,1181.2833333333333,1211.2444444444443,902.223880597015,4,通勤型,2
